Sample_ID,Sample_Plate,Sample_Name,Project,AMP_Plate,Sample_Well,Sentrix_ID,Sentrix_Position,Scanner,Date_Scan,Replicate,Parent1,Parent2,Gender,Replicate,Parent1,Parent2,Sample_Group
DE58METUVGD100088,,K1_mock_SLR24,2026-288-ILL,WG7053014-MSA4,E03,210252200116,R05C01,,,,,,,,,,SLR24_mock
DE31METUVGD100089,,K2_mock_SLR24,2026-288-ILL,WG7053014-MSA4,F03,210252200116,R06C01,,,,,,,,,,SLR24_mock
DE04METUVGD100090,,K3_mock_SLR24,2026-288-ILL,WG7053014-MSA4,G03,210252200116,R07C01,,,,,,,,,,SLR24_mock
DE74METUVGD100091,,A1_Dec_SLR24,2026-288-ILL,WG7053014-MSA4,H03,210252200116,R08C01,,,,,,,,,,SLR24_aza
DE47METUVGD100092,,A2_Dec_SLR24,2026-288-ILL,WG7053014-MSA4,A04,210252200127,R01C01,,,,,,,,,,SLR24_aza
DE20METUVGD100093,,A3_Dec_SLR24,2026-288-ILL,WG7053014-MSA4,B04,210252200127,R02C01,,,,,,,,,,SLR24_aza
DE90METUVGD100094,,G1_Gua_SLR24,2026-288-ILL,WG7053014-MSA4,C04,210252200127,R03C01,,,,,,,,,,SLR24_gua
DE63METUVGD100095,,G2_Gua_SLR24,2026-288-ILL,WG7053014-MSA4,D04,210252200127,R04C01,,,,,,,,,,SLR24_gua
DE36METUVGD100096,,G3_Gua_SLR24,2026-288-ILL,WG7053014-MSA4,E04,210252200127,R05C01,,,,,,,,,,SLR24_gua
